Precaution,Template
Rest,"Make sure to get plenty of rest to help your body recover."
Rest,"Take it easy and rest as much as you can."
stay hydrated,"Drink plenty of water to stay hydrated."
stay hydrated,"Keep yourself hydrated with water or electrolyte drinks."
avoid contact,"Avoid close contact with others to prevent spreading illness."
avoid contact,"Stay away from crowded places to avoid transmission."
Avoid triggers,"Steer clear of triggers like stress or bright lights."
Avoid triggers,"Avoid things that worsen your symptoms."
rest in dark room,"Rest in a quiet, dark room to ease discomfort."
rest in dark room,"Find a calm, dark space to relax."
Stay warm,"Keep yourself warm to stay comfortable."
Stay warm,"Bundle up to maintain body temperature."
drink fluids,"Drink lots of fluids like water or tea to stay hydrated."
drink fluids,"Stay hydrated with soothing drinks."
Avoid allergens,"Stay away from allergens like pollen or pet dander."
Avoid allergens,"Avoid dust or mold to reduce symptoms."
use air purifiers,"Use an air purifier to reduce allergens at home."
use air purifiers,"Keep air clean with a purifier to ease symptoms."
Avoid spicy foods,"Avoid spicy or acidic foods to prevent irritation."
Avoid spicy foods,"Stick to bland foods to soothe your stomach."
eat small meals,"Eat small, frequent meals to aid digestion."
eat small meals,"Try smaller portions to help your stomach."
Drink plenty of water,"Drink lots of water to flush your system."
Drink plenty of water,"Stay hydrated to support recovery."
maintain hygiene,"Keep good hygiene, especially after bathroom use."
maintain hygiene,"Practice hygiene to prevent infections."
Avoid touching eyes,"Don’t touch or rub your eyes to avoid spreading infection."
Avoid touching eyes,"Keep hands away from eyes to prevent worsening."
wash hands frequently,"Wash your hands often to stay clean."
wash hands frequently,"Frequent hand washing prevents infection spread."
elevate ankle,"Elevate your ankle to reduce swelling."
elevate ankle,"Prop up your ankle to help with swelling."
use compression,"Use a compression bandage to support your ankle."
use compression,"Wrap your ankle to reduce swelling."
Reduce salt intake,"Cut back on salt to manage blood pressure."
Reduce salt intake,"Limit salty foods to stay healthy."
exercise regularly,"Stay active with regular exercise."
exercise regularly,"Exercise to maintain overall health."
Monitor blood sugar,"Check your blood sugar levels regularly."
Monitor blood sugar,"Keep track of glucose to manage diabetes."
eat balanced diet,"Eat a balanced diet to support health."
eat balanced diet,"Choose nutritious foods for better control."
use inhaler as prescribed,"Use your inhaler as directed by your doctor."
use inhaler as prescribed,"Follow inhaler instructions to manage symptoms."
Stay active,"Keep active to maintain joint mobility."
Stay active,"Move regularly to stay healthy."
maintain healthy weight,"Keep a healthy weight to reduce strain."
maintain healthy weight,"Manage weight to support your health."
Get vaccinated,"Get vaccinated to prevent infections."
Get vaccinated,"Stay up to date with vaccinations."
avoid sharing needles,"Don’t share needles to avoid infections."
avoid sharing needles,"Use sterile equipment to stay safe."
avoid smoking,"Avoid smoking to protect your lungs."
avoid smoking,"Quit smoking to improve health."
Avoid irritants,"Stay away from irritants like smoke or dust."
Avoid irritants,"Avoid things that irritate your condition."
Avoid trigger foods,"Steer clear of foods that trigger symptoms."
Avoid trigger foods,"Avoid foods that worsen your condition."
keep skin hydrated,"Moisturize your skin to keep it hydrated."
keep skin hydrated,"Use lotions to prevent dryness."
Manage stress,"Find ways to manage stress, like meditation."
Manage stress,"Reduce stress to improve symptoms."
avoid skin injury,"Protect your skin from cuts or injuries."
avoid skin injury,"Avoid trauma to prevent flare-ups."
Use condoms,"Use condoms to prevent infections."
Use condoms,"Practice safe sex to stay healthy."
get regular testing,"Get tested regularly for early detection."
get regular testing,"Schedule routine tests to monitor health."
Practice safe sex,"Use protection during sex to stay safe."
Practice safe sex,"Practice safe sex to prevent infections."
get screened regularly,"Get regular screenings to catch issues early."
get screened regularly,"Schedule check-ups to stay healthy."
avoid contact with infected,"Stay away from infected individuals."
avoid contact with infected,"Avoid contact to prevent illness."
Avoid scratching,"Don’t scratch to avoid worsening symptoms."
Avoid scratching,"Keep nails short to prevent scratching."
isolate during illness,"Stay isolated while sick to avoid spreading."
isolate during illness,"Keep to yourself during illness."
Avoid mosquito bites,"Use repellent to avoid mosquito bites."
Avoid mosquito bites,"Wear protective clothing outdoors."
Use mosquito nets,"Sleep under mosquito nets for protection."
Use mosquito nets,"Use nets to prevent bites."
take prophylactic drugs,"Take preventive drugs as prescribed."
take prophylactic drugs,"Use prophylaxis for travel to risky areas."
Complete treatment,"Finish all prescribed medications."
Complete treatment,"Complete treatment to ensure recovery."
avoid crowded places,"Stay away from crowds to reduce risk."
avoid crowded places,"Avoid busy areas to prevent infection."
cover mouth when coughing,"Cover your mouth when coughing."
cover mouth when coughing,"Use a tissue to prevent spreading germs."
Avoid tick bites,"Wear long sleeves to avoid tick bites."
Avoid tick bites,"Check skin after outdoor activities."
check skin after outdoor activity,"Inspect your skin after being outdoors."
check skin after outdoor activity,"Check for ticks after hiking."
Limit purine-rich foods,"Avoid foods high in purines, like red meat."
Limit purine-rich foods,"Cut back on purine-rich foods."
Weight-bearing exercise,"Do weight-bearing exercises to strengthen bones."
Weight-bearing exercise,"Exercise to support bone health."
avoid falls,"Take steps to prevent falls at home."
avoid falls,"Use handrails to stay safe."
use gentle skincare,"Use gentle products on your skin."
use gentle skincare,"Choose mild skincare to avoid irritation."
Keep warm,"Stay warm to improve circulation."
Keep warm,"Dress warmly in cold weather."
protect skin,"Protect your skin from harsh conditions."
protect skin,"Use barriers to shield skin."
Avoid skin trauma,"Avoid injuries to your skin."
Avoid skin trauma,"Prevent trauma to reduce symptoms."
monitor for infections,"Watch for signs of infection."
monitor for infections,"Monitor skin for any changes."
Avoid high-impact activities,"Avoid high-impact sports to protect bones."
Avoid high-impact activities,"Choose low-impact exercises."
regular check-ups,"Schedule regular doctor visits."
regular check-ups,"Get check-ups to monitor health."
Treat underlying infections,"Address any infections promptly."
Treat underlying infections,"Treat infections to prevent complications."
rest joints,"Give your joints a break to reduce pain."
rest joints,"Rest to ease joint discomfort."
Regular monitoring,"Monitor your condition regularly."
Regular monitoring,"Keep track of symptoms."
physical therapy,"Do physical therapy to improve mobility."
physical therapy,"Follow therapy to support recovery."
Stay mentally active,"Keep your mind active with puzzles or reading."
Stay mentally active,"Engage in mental activities."
maintain routine,"Stick to a consistent daily routine."
maintain routine,"Keep a stable schedule."
Regular screenings,"Get regular health screenings."
Regular screenings,"Schedule tests to catch issues early."
healthy lifestyle,"Live a healthy lifestyle to reduce risk."
healthy lifestyle,"Adopt healthy habits."
Avoid NSAIDs,"Avoid NSAIDs to protect your stomach."
Avoid NSAIDs,"Use alternative pain relief."
Pace activities,"Pace yourself to avoid overexertion."
Pace activities,"Balance activity and rest."
ensure adequate rest,"Get enough rest to support recovery."
ensure adequate rest,"Prioritize sleep."
consider dietary changes,"Make dietary changes to manage symptoms."
consider dietary changes,"Adjust diet as needed."
Low-fat diet,"Follow a low-fat diet to lower cholesterol."
Low-fat diet,"Choose heart-healthy foods."
regular cholesterol screening,"Get cholesterol checked regularly."
regular cholesterol screening,"Monitor lipid levels."
Apply heat,"Use a heating pad to ease pain."
Apply heat,"Apply heat to relax muscles."
Balanced diet,"Eat a balanced diet for overall health."
Balanced diet,"Choose nutrient-rich foods."
Eat iron-rich foods,"Consume foods high in iron, like spinach."
Eat iron-rich foods,"Include iron-rich foods in your diet."
regular blood tests,"Get regular blood tests to monitor health."
regular blood tests,"Monitor blood levels routinely."
Avoid gluten,"Follow a strict gluten-free diet."
Avoid gluten,"Eliminate gluten to prevent symptoms."
monitor nutrient levels,"Check nutrient levels regularly."
monitor nutrient levels,"Monitor for deficiencies."
Avoid seizure triggers,"Avoid flashing lights or stress."
Avoid seizure triggers,"Steer clear of seizure triggers."
Monitor thyroid levels,"Check thyroid function regularly."
Monitor thyroid levels,"Monitor thyroid hormones."
Avoid sun exposure,"Limit sun exposure to protect skin."
Avoid sun exposure,"Use sunscreen to avoid flares."
limit sodium,"Reduce sodium to prevent kidney strain."
limit sodium,"Limit salt in your diet."
Regular eye exams,"Get eye exams to monitor vision."
Regular eye exams,"Schedule regular eye check-ups."
avoid eye strain,"Take breaks to rest your eyes."
avoid eye strain,"Avoid prolonged screen time."
Avoid alcohol,"Avoid alcohol to protect your liver."
Avoid alcohol,"Limit alcohol to prevent complications."
regular liver tests,"Monitor liver function regularly."
regular liver tests,"Get liver tests to track health."
High-fiber diet,"Eat high-fiber foods to aid digestion."
High-fiber diet,"Include fiber-rich foods in your diet."
gargle salt water,"Gargle with salt water to soothe throat."
gargle salt water,"Use salt water gargles for relief."
avoid prolonged sitting,"Avoid sitting for long periods."
avoid prolonged sitting,"Stay mobile to reduce pain."
Keep ears dry,"Keep ears dry to prevent infections."
Keep ears dry,"Avoid water in ears."
Avoid straining,"Avoid straining during bowel movements."
Avoid straining,"Prevent straining to reduce discomfort."
Avoid caffeine,"Limit caffeine to reduce symptoms."
Avoid caffeine,"Avoid coffee or energy drinks."
Low-protein diet,"Follow a low-protein diet for kidney health."
Low-protein diet,"Reduce protein to ease kidney strain."
Practice relaxation,"Use relaxation techniques like yoga."
Practice relaxation,"Practice calming activities."
seek therapy,"Seek therapy to manage mental health."
seek therapy,"Talk to a therapist for support."
stay socially active,"Stay connected with friends and family."
stay socially active,"Engage in social activities."
Structured routine,"Follow a consistent daily schedule."
Structured routine,"Keep a structured routine."
limit distractions,"Minimize distractions to improve focus."
limit distractions,"Create a calm environment."
Structured environment,"Maintain a structured environment."
Structured environment,"Keep surroundings organized."
early intervention,"Seek early intervention for better outcomes."
early intervention,"Start support early."
Control blood pressure,"Monitor and control blood pressure."
Control blood pressure,"Keep blood pressure in check."
monitor weight,"Track weight to monitor heart health."
monitor weight,"Monitor weight regularly."
Avoid immobility,"Stay active to prevent clots."
Avoid immobility,"Avoid long periods of inactivity."
monitor symptoms,"Watch for worsening symptoms."
monitor symptoms,"Monitor health changes closely."
HPV vaccination,"Get the HPV vaccine to prevent infection."
HPV vaccination,"Stay up to date with HPV vaccination."